<?xml version="1.0" encoding="UTF-8" ?>
<!DOCTYPE mapper
 PUBLIC "-//mybatis.org//DTD Mapper 3.0//EN"
 "http://mybatis.org/dtd/mybatis-3-mapper.dtd">
<mapper namespace="cn.housesys.dao.BrokerInfoMapper">
	<select id="findall" resultType="brokerInfo">
		SELECT
		bi.*, br.roleName
		FROM broker_info bi,broker_role br
		<where>
			bi.roleId=br.id
			<if test="name!=null and name!='' ">
				and bi.name LIKE CONCAT('%',#{name},'%')
			</if>
			<if test="roleId!=null">
				and bi.roleId=#{roleId}
			</if>
			order by bi.id DESC LIMIT #{from},#{pageSize}
		</where>
	</select>
	<select id="getBrokerInfo" resultType="brokerInfo">
		SELECT bi.*,br.roleName FROM broker_info bi,broker_role br
		<where>
			bi.roleId=br.id
			<if test="id!=null"> and bi.id=#{id}  </if>
			<if test="email!=null and email!='' "> and bi.email=#{email}  </if>
			<if test="password!=null and password!='' "> and bi.password=#{password}  </if>
			<if test="roleId!=null and roleId!='' "> and bi.roleId=#{roleId}  </if>
			<if test="phone!=null and phone!='' "> and bi.phone=#{phone}  </if>
		</where>
	</select>

	<insert id="insertBroker" parameterType="brokerInfo">
		INSERT INTO
		broker_info(name,email,password,identity,roleId,results,phone,description,portraitPicPath,portraitLocPath)
		VALUES(#{name},#{email},#{password},#{identity},#{roleId},#{results},#{phone},#{description},#{portraitPicPath},#{portraitLocPath})
	</insert>

	<delete id="deleteBrokerById" parameterType="Integer">
		DELETE FROM
		broker_info WHERE id=#{id}
	</delete>

	<update id="changeBrokerInfo" parameterType="brokerInfo">
		UPDATE
		housedb.broker_info
		<set>
			<if test="name!=null">`name` = #{name} ,</if>
			<if test="email!=null">email = #{email} ,</if>
			<if test="password!=null">`password` =#{password} ,</if>
			<if test="roleId!=null">roleId = #{roleId} ,</if>
			<if test="results!=null"> results = #{results} ,</if>
			<if test="phone!=null">phone = #{phone} ,</if>
			<if test="description!=null">description = #{description} ,</if>
			portraitPicPath = #{portraitPicPath} ,
			portraitLocPath
			=#{portraitLocPath}
		</set>
		WHERE
		<if test="id!=null">id = #{id}</if>

	</update>

	<select id="getBrokerCount" resultType="int">
		SELECT COUNT(1) FROM
		broker_info
		<where>
			<if test="name!=null and name!='' ">
				and name LIKE CONCAT('%',#{name},'%')
			</if>
			<if test="roleId!=null">
				and roleId=#{roleId}
			</if>
		</where>
	</select>
</mapper>