<?xml version="1.0" encoding="UTF-8" ?>
<!DOCTYPE mapper
 PUBLIC "-//mybatis.org//DTD Mapper 3.0//EN"
 "http://mybatis.org/dtd/mybatis-3-mapper.dtd">
<mapper namespace="cn.housesys.dao.HouseMapper">
	<insert id="houseInfoAdd" parameterType="houseInfo">
		INSERT INTO
		housedb.house_info (ownerId,province, city, `area`, housing, price,
		typeId, specifiedStatusId,statusId, `describe`, acreage,
		parlourNum,roomNum, garageNum,creationDate,isRecommend,videoPicPath,videoLocPath)
		VALUES
		(#{ownerId},
		#{province}, #{city}, #{area}, #{housing}, #{price},
		#{typeId},
		#{specifiedStatusId}, #{statusId}, #{describe}, #{acreage},
		#{parlourNum},
		#{roomNum}, #{garageNum},#{creationDate},
		#{isRecommend},#{videoPicPath},#{videoLocPath});
	</insert>
	<insert id="housePropertyAdd" parameterType="houseProperty">
		INSERT INTO
		housedb.house_property (houseId,renovation,ac,equipment,
		bathroomDescription, bedroomFeatures, street, diningArea, enclosure,
		buildingStructure,
		`floor`,heating, garage, orientations, storey)
		VALUES( #{houseId}, #{renovation}, #{ac},
		#{equipment},#{bathroomDescription},
		#{bedroomFeatures}, #{street},
		#{diningArea}, #{enclosure},
		#{buildingStructure},
		#{floor},#{heating},
		#{garage}, #{orientations}, #{storey});
	</insert>
	<insert id="housePictureAdd" parameterType="housePicture">
		INSERT INTO
		housedb.house_picture
		(houseId,housePicPath,houseLocPath,isCover)
		VALUES
		(#{houseId},#{housePicPath},#{houseLocPath},${isCover});

	</insert>
	<select id="getHouseInfos" resultType="houseInfo">
		SELECT hi.*,(SELECT `name` FROM address_province ap WHERE
		hi.province=ap.code) AS provinceName,
		(SELECT `name` FROM address_city
		ac WHERE hi.city=ac.code) AS cityName,
		(SELECT `name` FROM address_area
		aa WHERE hi.area=aa.code) AS areaName,
		(SELECT typeName FROM house_type
		ht WHERE hi.typeId=ht.id) AS typeName,
		(SELECT hs.statusName FROM
		house_status hs WHERE hi.specifiedStatusId=hs.id) AS
		specifiedStatusName,
		(SELECT hs.statusName FROM house_status hs WHERE
		hi.statusId=hs.id) AS statusName,
		(SELECT housePicPath FROM
		house_picture hp WHERE hp.houseId=hi.id AND hp.isCover=1) AS
		housePicPath
		FROM house_info hi ,house_property hp
		<where>
			hi.id=hp.houseId AND
			hi.statusId NOT IN (1,4,5,6)
			<if test="house.ownerId !=null">
				AND hi.ownerId=#{house.ownerId}
			</if>
			<if test="house.province !=null and house.province !=0">
				AND hi.province=#{house.province}
			</if>
			<if test="house.statusId !=null and house.statusId !=0">
				AND hi.statusId=#{house.statusId}
			</if>
			<if test="house.city !=null and house.city !=0">
				AND hi.city=#{house.city}
			</if>
			<if test="house.area !=null and house.area !=0">
				AND hi.area=#{house.area}
			</if>
			<if test="house.typeId !=null and house.typeId !=0">
				AND hi.typeId=#{house.typeId}
			</if>
			<if test="house.roomNum !=null and house.roomNum !='' ">
				AND hi.roomNum=#{house.roomNum}
			</if>
			<if test="house.price !=null and house.price !='' ">
				AND hi.price&lt;=#{house.price}
			</if>
			<if test="street != null">
				AND hi.id != #{house.id} AND hp.street=#{street}
			</if>
		</where>
		order by hi.addDate DESC limit #{from},#{pageSize}
	</select>
	<select id="getHouseInfoById" resultType="houseInfo">
		SELECT hi.*,(SELECT
		`name` FROM address_province ap WHERE
		hi.province=ap.code) AS
		provinceName,
		(SELECT `name` FROM address_city
		ac WHERE hi.city=ac.code)
		AS cityName,
		(SELECT `name` FROM address_area
		aa WHERE hi.area=aa.code)
		AS areaName,
		(SELECT typeName FROM house_type
		ht WHERE hi.typeId=ht.id)
		AS typeName,
		(SELECT hs.statusName FROM
		house_status hs WHERE
		hi.specifiedStatusId=hs.id) AS
		specifiedStatusName,
		(SELECT
		hs.statusName FROM house_status hs WHERE
		hi.statusId=hs.id) AS
		statusName
		FROM house_info hi where hi.id=#{id}
	</select>
	<select id="getHousePropertyByHouseId" resultType="houseProperty">
		SELECT * FROM
		house_property WHERE houseId=#{houseId}
	</select>
	<select id="getHousePicturesByHouseId" resultType="housePicture">
		SELECT * FROM
		house_picture WHERE houseId=#{houseId} order by id DESC
		<if test="from!=null and pageSize!=null"> limit
			#{from},#{pageSize}
		</if>
	</select>
	<select id="getHouseInfoCount" resultType="Integer">
		SELECT COUNT(1) FROM house_info hi
		<where>
			<if test="ownerId !=null">
				AND hi.ownerId=#{ownerId}
			</if>
			<if test="province !=null and province !=0">
				AND hi.province=#{province}
			</if>
			<if test="city !=null and city !=0">
				AND hi.city=#{city}
			</if>
			<if test="area !=null and area !=0">
				AND hi.area=#{area}
			</if>
			<if test="statusId !=null and statusId !=0">
				AND hi.statusId=#{statusId}
			</if>
			<if test="typeId !=null and typeId !=0">
				AND hi.typeId=#{typeId}
			</if>
			<if test="roomNum !=null and roomNum !='' ">
				AND hi.roomNum=#{roomNum}
			</if>
			<if test="price !=null and price !='' ">
				AND hi.price&lt;=#{price}
			</if>
			<if test="brokerId != null">
				AND hi.brokerId=#{brokerId}
			</if>
		</where>
	</select>

	<select id="getHouseStatus" resultType="houseStatus">
		select * from
		house_status
	</select>
	<select id="getHouseType" resultType="houseType">
		select * from house_type
	</select>
	<select id="getHouseInfosByLimit" resultType="houseInfo">
		SELECT hi.*,(SELECT `name` FROM address_province ap WHERE
		hi.province=ap.code) AS provinceName,
		(SELECT `name` FROM address_city
		ac WHERE hi.city=ac.code) AS cityName,
		(SELECT `name` FROM address_area
		aa WHERE hi.area=aa.code) AS areaName,
		(SELECT typeName FROM house_type
		ht WHERE hi.typeId=ht.id) AS typeName,
		(SELECT hs.statusName FROM
		house_status hs WHERE hi.specifiedStatusId=hs.id) AS
		specifiedStatusName,
		(SELECT hs.statusName FROM house_status hs WHERE
		hi.statusId=hs.id) AS statusName,
		(SELECT housePicPath FROM
		house_picture hp WHERE hp.houseId=hi.id AND hp.isCover=1) AS
		housePicPath
		FROM house_info hi
		<where>
			<if test="statusId!=null">and hi.statusId=#{statusId}</if>
			<if test="brokerId!=null">and hi.brokerId=#{brokerId}</if>
			<if test="ownerId!=null">and hi.ownerId=#{ownerId}</if>
			<if test="isRecommend!=null">and hi.isRecommend=#{isRecommend}</if>
		</where>
		order by hi.id DESC limit #{from},#{pageSize}
	</select>
	<update id="changeHouseInfoById" parameterType="houseInfo">
		UPDATE
		housedb.house_info
		SET
		ownerId = #{ownerId} ,
		province = #{province} ,
		city = #{city} ,
		AREA = #{area} ,
		housing = #{housing} ,
		price = #{price}
		,
		typeId = #{typeId} ,
		specifiedStatusId = #{specifiedStatusId} ,
		statusId = #{statusId} ,
		`DESCRIBE` = #{describe} ,
		acreage =
		#{acreage},
		parlourNum = #{parlourNum} ,
		roomNum = #{roomNum} ,
		garageNum = #{garageNum} ,
		brokerId = #{brokerId} ,
		tradersName =
		#{tradersName} ,
		tradersPhone =
		#{tradersPhone} ,
		`ADDDATE` = #{addDate}
		,
		transactionDate =
		#{transactionDate},
		isRecommend=#{isRecommend}
		WHERE
		id = #{id}
	</update>

	<delete id="deleteHouseInfoById" parameterType="integer">
		DELETE FROM
		housedb.house_info
		WHERE
		id = #{id} ;
	</delete>

	<delete id="deleteHousePropertyById" parameterType="integer">
		DELETE FROM
		housedb.house_property
		WHERE
		houseId = #{id} ;
	</delete>

	<delete id="deleteHousePictureById" parameterType="integer">
		DELETE FROM
		housedb.house_picture
		WHERE
		houseId = #{id};
	</delete>
	<select id="getHouseMaxId" resultType="integer">
		SELECT MAX(id) FROM
		house_info
	</select>
	<update id="changeHousePropertyById">
		UPDATE housedb.house_property
		SET
		houseId = #{houseId}
		,
		renovation = #{renovation} ,
		ac = #{ac} ,
		equipment = #{equipment} ,
		bathroomDescription = #{bathroomDescription} ,
		bedroomFeatures =
		#{bedroomFeatures} ,
		street = #{street} ,
		diningArea = #{diningArea} ,
		enclosure = #{enclosure} ,
		buildingStructure = #{buildingStructure} ,
		FLOOR = #{floor} ,
		heating = #{heating} ,
		garage = #{garage} ,
		orientations = #{orientations} ,
		storey = #{storey}
		WHERE
		id = #{id};
	</update>
	<select id="getHousePictureCountByHid" resultType="integer">
		select count(1) from house_picture where houseId=#{hid}
	</select>
	<select id="getHouseIdByOwnerId" resultType="integer">
		SELECT id FROM house_info WHERE ownerId=#{ownerId}
	</select>
</mapper>