<?xml version="1.0" encoding="UTF-8" ?>
<!DOCTYPE mapper
 PUBLIC "-//mybatis.org//DTD Mapper 3.0//EN"
 "http://mybatis.org/dtd/mybatis-3-mapper.dtd">
<mapper namespace="cn.housesys.dao.UserMapper">
	<select id="getUserInfo" resultType="userInfo">
		SELECT ui.*,ur.roleName,TIMESTAMPDIFF(YEAR,birthday,CURDATE()) AS age
		FROM user_info ui,user_role ur
		<where>
			ui.roleId=ur.id
			<if test="email!=null and email!='' ">and ui.email=#{email}</if>
			<if test="password!=null and password!='' ">and ui.password=#{password}</if>
			<if test="id != null"> and ui.id=#{id}</if>
			<if test="tel != null"> and ui.tel=#{tel}</if>
		</where>
	</select>
	<insert id="getRegist" parameterType="userInfo">
		INSERT INTO
		housedb.user_info
		(email,`password`,`name`,gender,tel,roleId,creationDate,`status`)
		VALUES(#{email},#{password},#{name},#{tel},#{gender},#{roleId},#{creationDate},#{status});
	</insert>
	<select id="getUserCount" resultType="int">
		SELECT COUNT(1) FROM user_info
		<where>
			<if test="isToday==true">and DATE(creationDate) = CURDATE()</if>
			<if test="status!=null">and `STATUS`=#{status}</if>
			<if test="name!=null and name!='' ">
				and name LIKE CONCAT('%',#{name},'%')
			</if>
		</where>
	</select>
	<update id="changeUserInfo" parameterType="userInfo">
		UPDATE housedb.user_info
		<set>
			<if test="name!=null">name = #{name} ,</if>
			<if test="email!=null">email = #{email} ,</if>
			<if test="password!=null">`password` = #{password} ,</if>
			<if test="gender!=null"> gender = #{gender} ,</if>
			<if test="birthday!=null"> birthday = #{birthday} ,</if>
			<if test="identity!=null"> identity = #{identity} ,</if>
			<if test="tel!=null"> tel = #{tel} ,</if>
			<if test="roleId!=null"> roleId = #{roleId} ,</if>
			<if test="modifyDate!=null"> modifyDate = #{modifyDate},</if>
			<if test="status!=null"> status=#{status}</if>
		</set>
		WHERE
		<if test="id!=null">id = #{id}</if>
	</update>
	<select id="getUsersIsToday" resultType="userInfo">
		SELECT ui.*,g.genderName,ur.roleName FROM user_info ui,gender
		g,user_role ur
		<where>
			ui.gender=g.id AND ui.roleId=ur.id
			<if test="name!=null and name!='' ">
				and ui.name LIKE CONCAT('%',#{name},'%')
			</if>
			<if test="isToday==true">and DATE(ui.creationDate) = CURDATE()</if>
			<if test="status!=null">and ui.`STATUS`=#{status}</if>
			LIMIT #{from},#{pageSize}
		</where>
	</select>
	<delete id="delUserById" parameterType="integer">
		DELETE FROM
		housedb.user_info
		WHERE
		id = #{uid} ;
	</delete>
</mapper>