<?xml version="1.0" encoding="UTF-8"?>
<beans xmlns="http://www.springframework.org/schema/beans"
	xmlns:xsi="http://www.w3.org/2001/XMLSchema-instance" xmlns:aop="http://www.springframework.org/schema/aop"
	xmlns:context="http://www.springframework.org/schema/context" xmlns:tx="http://www.springframework.org/schema/tx"
	xmlns:mvc="http://www.springframework.org/schema/mvc"
	xsi:schemaLocation="
	http://www.springframework.org/schema/beans
	http://www.springframework.org/schema/beans/spring-beans-3.2.xsd
	http://www.springframework.org/schema/aop
	http://www.springframework.org/schema/aop/spring-aop-3.2.xsd
	http://www.springframework.org/schema/context
	http://www.springframework.org/schema/context/spring-context-3.2.xsd
	http://www.springframework.org/schema/tx
	http://www.springframework.org/schema/tx/spring-tx-3.2.xsd
	http://www.springframework.org/schema/mvc
	http://www.springframework.org/schema/mvc/spring-mvc-3.2.xsd
	">

	<context:component-scan base-package="cn.housesys.controller" />



	<!-- SpringMVC对静态资源文件的处理 -->
	<mvc:resources location="/statics/" mapping="/statics/**" />
	<!-- 配置类型转换 -->
	<bean id="myConversionService"
		class="org.springframework.context.support.ConversionServiceFactoryBean">
		<property name="converters">
			<list>
				<bean class="cn.housesys.controller.StringToDateConverter">
					<constructor-arg type="java.lang.String" value="yyyy-MM-dd" />
				</bean>
			</list>
		</property>
	</bean>
	<!-- 开启MVC的注解驱动 -->
	<mvc:annotation-driven conversion-service="myConversionService">
		<mvc:message-converters>
			<!-- 配置消息转换器 -->
			<bean class="org.springframework.http.converter.StringHttpMessageConverter">
				<property name="supportedMediaTypes">
					<list>
						<value>application/json;charset=UTF-8</value>
						<value>application/xml;charset=UTF-8</value>
						<value>text/html;charset=UTF-8</value>
					</list>
				</property>
			</bean>

			<!-- 在MVC的注解驱动message-converters中 配置FastJSON消息转换器 -->
			<bean
				class="com.alibaba.fastjson.support.spring.FastJsonHttpMessageConverter">
				<property name="features">
					<list>
						<value>WriteDateUseDateFormat</value>
					</list>
				</property>
				<property name="supportedMediaTypes">
					<list>
						<value>application/json;charset=UTF-8</value>
						<value>application/xml;charset=UTF-8</value>
						<value>text/html;charset=UTF-8</value>
					</list>
				</property>
			</bean>
		</mvc:message-converters>
	</mvc:annotation-driven>

	<!-- 配置全局异常处理器 -->
	<bean
		class="org.springframework.web.servlet.handler.SimpleMappingExceptionResolver">
		<property name="exceptionMappings">
			<props>
				<prop key="java.lang.Exception">error</prop>
			</props>
		</property>
	</bean>

	<!-- 配置视图解析器/WEB-INF/jsp/index.jsp -->
	<!-- <bean class="org.springframework.web.servlet.view.InternalResourceViewResolver"> 
		<property name="prefix" value="/WEB-INF/jsp/" /> <property name="suffix" 
		value=".jsp" /> </bean> -->
	<!-- 配置多视图解析器 -->
	<bean
		class="org.springframework.web.servlet.view.ContentNegotiatingViewResolver">
		<property name="mediaTypes">
			<map>
				<entry key="html" value="text/html;charset=UTF-8" />
				<entry key="xml" value="application/xml;charset=UTF-8" />
				<entry key="json" value="application/json;charset=UTF-8" />
			</map>
		</property>
		<property name="viewResolvers">
			<list>
				<bean
					class="org.springframework.web.servlet.view.InternalResourceViewResolver">
					<property name="prefix" value="/WEB-INF/jsp/" />
					<property name="suffix" value=".jsp" />
				</bean>
			</list>
		</property>
	</bean>

	<!-- 上传文件的多组件解析器 -->
	<bean id="multipartResolver"
		class="org.springframework.web.multipart.commons.CommonsMultipartResolver">
		<property name="maxUploadSize" value="5000000000" />
		<property name="defaultEncoding" value="UTF-8" />
	</bean>
	<!-- 配置拦截器 -->
	<mvc:interceptors>
		<mvc:interceptor>
			<mvc:mapping path="/backend/manageradd" />
			<mvc:mapping path="/backend/brokeradd" />
			<mvc:mapping path="/backend/brokers" />
			<mvc:mapping path="/backend/users" />
			<bean class="cn.housesys.interceptor.SysInterceptorByManager" />
		</mvc:interceptor>
		<mvc:interceptor>
			<mvc:mapping path="/backend/**" />
			<mvc:mapping path="/house/houseinfo" />
			<mvc:mapping path="/house/changehouseinfo" />
			<mvc:exclude-mapping path="/statics/**" />
			<mvc:exclude-mapping path="/backend/emailexist.json" />
			<bean class="cn.housesys.interceptor.SysInterceptor" />
		</mvc:interceptor>
	</mvc:interceptors>
</beans>
